Vigencia Presupuestal;Identificación de la Entidad;Nombre de la Entidad;NIT del Ejecutor del proyecto de Inversión;Identificación del proyecto de Inversión;Nombre del proyecto de Inversión;Código del recurso presupuestal;Descripción del recurso presupuestal;Código del Fondo;Descripción del Fondo;Fecha de registro;Estado;Causal de No Validación;ene-01;feb-01;mar-01;abr-01;may-01;jun-01;jul-01;ago-01;sep-01;oct-01;nov-01;dic-01;ene-02;feb-02;mar-02;abr-02;may-02;jun-02;jul-02;ago-02;sep-02;oct-02;nov-02;dic-02;Meses Posteriores
2025-2026;03-270001;FONDO MIXTO DE ETNOCULTURA Y DESARROLLO SOCIAL - FONPACIFICO;901039684;00PI-4301-1604-2023-86001-0041;CONSTRUCCIÓN DE CANCHA MULTIUSOS CON CUBIERTA EN LA VEREDA QUINCE DE MAYO DEL MUNICIPIO DE MOCOA DEPARTAMENTO DEL PUTUMAYO;PI86001;INCENTIVOS A LA PROD. PAZ - MOCOA - PUTUMAYO;IPAZ;INCENTIVOS A LA PRODUCCION MINERA - APROBADOS POR OCAD PAZ;2025-01-16 09:45:54;Validado;;510529630,85;35747798,50;1639445107,46;0,00;0,00;0,00;0,00;0,00;0,00;0,00;0,00;0,00;0,00;0,00;0,00;0,00;0,00;0,00;0,00;0,00;0,00;0,00;0,00;0,00;0,00
2025-2026;03-270001;FONDO MIXTO DE ETNOCULTURA Y DESARROLLO SOCIAL - FONPACIFICO;901039684;00AD-4002-1400-2023-19142-0111;CONSTRUCCIÓN URBANISMO PLAZA DE MERCADO MUNICIPIO DE CALOTO DEPARTAMENTO DEL CAUCA;AD19142;ASIGNACIONES DIRECTAS - CALOTO - CAUCA;ADIR;ASIGNACIONES DIRECTAS;2025-01-16 09:49:47;Validado;;0,00;0,00;39170536,91;0,00;0,00;0,00;0,00;0,00;0,00;0,00;0,00;0,00;0,00;0,00;0,00;0,00;0,00;0,00;0,00;0,00;0,00;0,00;0,00;0,00;0,00
2025-2026;03-270001;FONDO MIXTO DE ETNOCULTURA Y DESARROLLO SOCIAL - FONPACIFICO;901039684;00AD-2201-0700-2023-41001-0110;CONSTRUCCIÓN Y ADECUACIÓN DE INFRAESTRUCTURA EDUCATIVA EN LA ZONA RURAL DEL MUNICIPIO DE NEIVA;AD41001;ASIGNACIONES DIRECTAS - NEIVA - HUILA;ADIR;ASIGNACIONES DIRECTAS;2025-01-16 09:50:39;Registrado;;0,00;0,00;194897480,53;0,00;0,00;0,00;0,00;0,00;0,00;0,00;0,00;0,00;0,00;0,00;0,00;0,00;0,00;0,00;0,00;0,00;0,00;0,00;0,00;0,00;0,00
2025-2026;03-270001;FONDO MIXTO DE ETNOCULTURA Y DESARROLLO SOCIAL - FONPACIFICO;901039684;00AD-4003-1400-2024-41524-0008;OPTIMIZACIÓN DE REDES DE SERVICIOS PÚBLICOS DE ALCANTARILLADO SANITARIO ACUEDUCTO Y PAVIMENTACIÓN EN LA URBANIZACIÓN FRONTERA NORTE DE LA JURISDICCIÓN DE AMBORCO Y ZONA URBANA DEL MUNICIPIO DE PALERMO HUILA;AD41524;ASIGNACIONES DIRECTAS - PALERMO - HUILA;ADIR;ASIGNACIONES DIRECTAS;2025-01-16 09:51:04;Validado;;0,00;0,00;203780918,61;0,00;0,00;0,00;0,00;0,00;0,00;0,00;0,00;0,00;0,00;0,00;0,00;0,00;0,00;0,00;0,00;0,00;0,00;0,00;0,00;0,00;0,00
2025-2026;03-270001;FONDO MIXTO DE ETNOCULTURA Y DESARROLLO SOCIAL - FONPACIFICO;901039684;00AD-3301-1603-2023-86001-0139;FORTALECIMIENTO DEL INTERCAMBIO CULTURAL DE LA COMUNIDAD INDÍGENA INGA MUSURRUNAKUNA MEDIANTE LA CONSTRUCCIÓN DE LA CASA CABILDO EN EL MUNICIPIO DE MOCOA;AD86001;ASIGNACIONES DIRECTAS - MOCOA - PUTUMAYO;ADIR;ASIGNACIONES DIRECTAS;2025-01-16 09:51:54;Registrado;;0,00;0,00;20510403,66;0,00;0,00;0,00;0,00;0,00;0,00;0,00;0,00;0,00;0,00;0,00;0,00;0,00;0,00;0,00;0,00;0,00;0,00;0,00;0,00;0,00;0,00
2025-2026;03-270001;FONDO MIXTO DE ETNOCULTURA Y DESARROLLO SOCIAL - FONPACIFICO;901039684;00AD-4302-1604-2024-86001-0088;FORTALECIMIENTO DE LA RECREACIÓN Y EL DEPORTE MEDIANTE LA CONSTRUCCIÓN DE PARQUE RECREATIVO Y EL MEJORAMIENTO DE LOS ESPACIOS DEPORTIVOS EN LA VEREDA LA TEBAIDA DEL MUNICIPIO DE MOCOA DEPARTAMENTO DEL PUTUMAYO;AD86001;ASIGNACIONES DIRECTAS - MOCOA - PUTUMAYO;ADIR;ASIGNACIONES DIRECTAS;2025-01-16 09:53:49;Validado;;0,00;499971074,16;189610315,29;0,00;0,00;0,00;0,00;0,00;0,00;0,00;0,00;0,00;0,00;0,00;0,00;0,00;0,00;0,00;0,00;0,00;0,00;0,00;0,00;0,00;0,00
2025-2026;03-270001;FONDO MIXTO DE ETNOCULTURA Y DESARROLLO SOCIAL - FONPACIFICO;901039684;00AR-1905-0300-2023-00618-0038;CONSTRUCCIÓN DE LA SECRETARIA DE SALUD DEL DEPARTAMENTO DEL CAQUETÁ;AR18000;AIR - CAQUETÁ;AIRD;ASIGNACION PARA LA INVERSION REGIONAL - DEPARTAMENTOS;2025-01-16 11:23:58;Validado;;0,00;2586406297,80;3743019732,60;0,00;0,00;0,00;0,00;0,00;0,00;0,00;0,00;0,00;0,00;0,00;0,00;0,00;0,00;0,00;0,00;0,00;0,00;0,00;0,00;0,00;0,00
2025-2026;03-270001;FONDO MIXTO DE ETNOCULTURA Y DESARROLLO SOCIAL - FONPACIFICO;901039684;00IL-2402-0600-2023-19573-0023;PAVIMENTACIÓN DE VÍAS DEL BARRIO HIPODROMO EN EL MUNICIPIO DE PUERTO TEJADA;IL19573;INVERSIÓN LOCAL NBI Y CUARTA QUINTA Y SEXTA CAT PUERTO TEJADA - CAUCA;AIL;ASIGNACION PARA LA INVERSION LOCAL;2025-01-17 17:00:08;Validado;;0,00;0,00;179422744,78;0,00;0,00;0,00;0,00;0,00;0,00;0,00;0,00;0,00;0,00;0,00;0,00;0,00;0,00;0,00;0,00;0,00;0,00;0,00;0,00;0,00;0,00
2025-2026;03-270001;FONDO MIXTO DE ETNOCULTURA Y DESARROLLO SOCIAL - FONPACIFICO;901039684;00IL-2402-0600-2022-19573-0041;CONSTRUCCIÓN DE PAVIMENTOS FLEXIBLES Y OBRAS COMPLEMENTARIAS EN VIAS URBANAS DEL MUNICIPIO DE PUERTO TEJADA;IL19573;INVERSIÓN LOCAL NBI Y CUARTA QUINTA Y SEXTA CAT PUERTO TEJADA - CAUCA;AIL;ASIGNACION PARA LA INVERSION LOCAL;2025-01-17 17:09:49;Validado;;0,00;0,00;260388165,69;0,00;0,00;0,00;0,00;0,00;0,00;0,00;0,00;0,00;0,00;0,00;0,00;0,00;0,00;0,00;0,00;0,00;0,00;0,00;0,00;0,00;0,00
2025-2026;03-270001;FONDO MIXTO DE ETNOCULTURA Y DESARROLLO SOCIAL - FONPACIFICO;901039684;00IL-2402-0600-2023-19142-0056;MEJORAMIENTO DE VÍAS TERCIARIAS EN EL MUNICIPIO DE CALOTO CAUCA;IL19142;INVERSIÓN LOCAL NBI Y CUARTA QUINTA Y SEXTA CAT CALOTO - CAUCA;AIL;ASIGNACION PARA LA INVERSION LOCAL;2025-01-20 09:11:50;Validado;;0,00;3429953,10;2,00;0,00;0,00;0,00;0,00;0,00;0,00;0,00;0,00;0,00;0,00;0,00;0,00;0,00;0,00;0,00;0,00;0,00;0,00;0,00;0,00;0,00;0,00
2025-2026;03-270001;FONDO MIXTO DE ETNOCULTURA Y DESARROLLO SOCIAL - FONPACIFICO;901039684;00IL-4002-1400-2023-76895-0004;CONSTRUCCIÓN DE CUBIERTA Y ADECUACIÓN DE ESCENARIOS CONCHA ACÚSTICA TARIMA Y GRADERÍAS DEL POLIDEPORTIVO DEL BARRIO SANTA BÁRBARA PARQUE CENTRAL DEL CORREGIMIENTO LA PAILA EN ZARZAL;IL76895;INVERSIÓN LOCAL NBI Y CUARTA QUINTA Y SEXTA CAT ZARZAL - VALLE DEL CAUCA;AIL;ASIGNACION PARA LA INVERSION LOCAL;2025-01-21 16:04:39;Validado;;0,00;0,00;401155572,00;0,00;0,00;0,00;0,00;0,00;0,00;0,00;0,00;0,00;0,00;0,00;0,00;0,00;0,00;0,00;0,00;0,00;0,00;0,00;0,00;0,00;0,00
2025-2026;03-270001;FONDO MIXTO DE ETNOCULTURA Y DESARROLLO SOCIAL - FONPACIFICO;901039684;00IL-3301-1603-2020-76895-0087;CONSTRUCCIÓN Y DOTACION DEL CENTRO DE INNOVACIÓN Y EMPRENDIMIENTO DE LA CULTURA AFRO EN EL CORREGIMIENTO DE LA PAILA DEL MUNICIPIO DE ZARZAL;IL76895;INVERSIÓN LOCAL NBI Y CUARTA QUINTA Y SEXTA CAT ZARZAL - VALLE DEL CAUCA;AIL;ASIGNACION PARA LA INVERSION LOCAL;2025-01-21 16:05:18;Validado;;0,00;0,00;13042515,49;0,00;0,00;0,00;0,00;0,00;0,00;0,00;0,00;0,00;0,00;0,00;0,00;0,00;0,00;0,00;0,00;0,00;0,00;0,00;0,00;0,00;0,00
2025-2026;03-270001;FONDO MIXTO DE ETNOCULTURA Y DESARROLLO SOCIAL - FONPACIFICO;901039684;00IL-4002-1000-2022-76895-0001;CONSTRUCCIÓN DE CORREDOR PAISAJÍSTICO Y AMBIENTAL DE LA CALLE 5TA URBANISMO TÁCTICO SEMAFORIZACIÓN DOTACIÓN E ILUMINACIÓN EN EL MUNICIPIO DE ZARZAL;IL76895;INVERSIÓN LOCAL NBI Y CUARTA QUINTA Y SEXTA CAT ZARZAL - VALLE DEL CAUCA;AIL;ASIGNACION PARA LA INVERSION LOCAL;2025-01-21 16:06:35;Validado;;0,00;900703156,22;259374815,81;0,00;0,00;0,00;0,00;0,00;0,00;0,00;0,00;0,00;0,00;0,00;0,00;0,00;0,00;0,00;0,00;0,00;0,00;0,00;0,00;0,00;0,00
2025-2026;03-270001;FONDO MIXTO DE ETNOCULTURA Y DESARROLLO SOCIAL - FONPACIFICO;901039684;00IL-4503-1500-2023-76895-0003;CONSTRUCCIÓN DEL CENTRO INTEGRAL DE ORGANISMOS DE SOCORRO INCLUYE ESTACIÓN DE BOMBEROS SEDE DEFENSA CIVIL SEDE CRUZ ROJA Y AUDITORIO EN EL CORREGIMIENTO LA PAILA EN EL MUNICIPIO DE ZARZAL;IL76895;INVERSIÓN LOCAL NBI Y CUARTA QUINTA Y SEXTA CAT ZARZAL - VALLE DEL CAUCA;AIL;ASIGNACION PARA LA INVERSION LOCAL;2025-01-21 16:08:37;Validado;;0,00;0,00;1453396303,80;0,00;0,00;0,00;0,00;0,00;0,00;0,00;0,00;0,00;0,00;0,00;0,00;0,00;0,00;0,00;0,00;0,00;0,00;0,00;0,00;0,00;0,00
2025-2026;03-270001;FONDO MIXTO DE ETNOCULTURA Y DESARROLLO SOCIAL - FONPACIFICO;901039684;00AD-2201-0700-2024-86320-0004;CONSTRUCCIÓN Y DOTACIÓN DE PLACA POLIDEPORTIVA CUBIERTA EN LA INSTITUCIÓN EDUCATIVA RURAL SINAI MUNICIPIO DE ORITO DEPARTAMENTO DEL PUTUMAYO;AD86320;ASIGNACIONES DIRECTAS - ORITO - PUTUMAYO;ADIR;ASIGNACIONES DIRECTAS;2025-01-22 11:11:33;Validado;;0,00;14235352,24;0,00;0,00;0,00;0,00;0,00;0,00;0,00;0,00;0,00;0,00;0,00;0,00;0,00;0,00;0,00;0,00;0,00;0,00;0,00;0,00;0,00;0,00;0,00
2025-2026;03-270001;FONDO MIXTO DE ETNOCULTURA Y DESARROLLO SOCIAL - FONPACIFICO;901039684;00AD-2201-0700-2024-86885-0028;CONSTRUCCIÓN Y DOTACIÓN DE PLACA POLIDEPORTIVA CUBIERTA EN LA INSTITUCIÓN EDUCATIVA RURAL ESCUELA RURAL MIXTA LA ESPERANZA MUNICIPIO DE VILLAGARZON DEPARTAMENTO DEL PUTUMAYO;AD86885;ASIGNACIONES DIRECTAS - VILLAGARZÓN - PUTUMAYO;ADIR;ASIGNACIONES DIRECTAS;2025-01-22 11:12:04;Validado;;0,00;400154558,35;251753390,95;0,00;0,00;0,00;0,00;0,00;0,00;0,00;0,00;0,00;0,00;0,00;0,00;0,00;0,00;0,00;0,00;0,00;0,00;0,00;0,00;0,00;0,00
2025-2026;03-270001;FONDO MIXTO DE ETNOCULTURA Y DESARROLLO SOCIAL - FONPACIFICO;901039684;00AD-2402-0600-2022-86885-0031;CONSTRUCCIÓN DE PAVIMENTO HIDRÁULICO Y ALCANTARILLADO PLUVIAL Y SANITARIO ENTRE LAS CALLES 8 Y 14 CARRERA 2 DEL BARRIO EL MIRAFLORES DEL MUNICIPIO DE VILLAGARZÓN DEPARTAMENTO DE PUTUMAYO;AD86885;ASIGNACIONES DIRECTAS - VILLAGARZÓN - PUTUMAYO;ADIR;ASIGNACIONES DIRECTAS;2025-01-22 11:12:30;Validado;;0,00;0,00;4874027,00;0,00;0,00;0,00;0,00;0,00;0,00;0,00;0,00;0,00;0,00;0,00;0,00;0,00;0,00;0,00;0,00;0,00;0,00;0,00;0,00;0,00;0,00
2025-2026;03-270001;FONDO MIXTO DE ETNOCULTURA Y DESARROLLO SOCIAL - FONPACIFICO;901039684;00AD-4003-1400-2023-86885-0161;ESTUDIOS Y DISEÑOS PARA LA CONSTRUCCION DE UN PARQUE TECNOLOGICO AMBIENTAL PARA EL TRATAMIENTO DE RESIDUOS SOLIDOS DOMICILIARIOS ORGÁNICOS E INORGANICOS EN EL MUNICIPIO DE VILLA GARZON - PUTUMAYO;AD86885;ASIGNACIONES DIRECTAS - VILLAGARZÓN - PUTUMAYO;ADIR;ASIGNACIONES DIRECTAS;2025-01-22 11:12:58;Registrado;;0,00;0,00;374232166,63;0,00;0,00;0,00;0,00;0,00;0,00;0,00;0,00;0,00;0,00;0,00;0,00;0,00;0,00;0,00;0,00;0,00;0,00;0,00;0,00;0,00;0,00
2025-2026;03-270001;FONDO MIXTO DE ETNOCULTURA Y DESARROLLO SOCIAL - FONPACIFICO;901039684;00AD-4003-1400-2023-86885-0208;CONSTRUCCIÓN DE ALCANTARILLADO PLUVIAL EN LA CLL 5 ENTRE CRA 9 Y CRA 12 CLL 5 ENTRE CRA 15 Y CRA 16 CRA 8 ENTRE CLL 4 Y 5 Y OBRAS COMPLEMENTARIAS EN CLL 5 ENTRE CRAS 8 Y 10 DEL MUNICIPIO DE VILLAGARZÓN;AD86885;ASIGNACIONES DIRECTAS - VILLAGARZÓN - PUTUMAYO;ADIR;ASIGNACIONES DIRECTAS;2025-01-22 11:13:18;Validado;;0,00;0,00;240786879,60;0,00;0,00;0,00;0,00;0,00;0,00;0,00;0,00;0,00;0,00;0,00;0,00;0,00;0,00;0,00;0,00;0,00;0,00;0,00;0,00;0,00;0,00
2025-2026;03-270001;FONDO MIXTO DE ETNOCULTURA Y DESARROLLO SOCIAL - FONPACIFICO;901039684;00AD-4003-1400-2024-86885-0077;"AMPLIACIÓN DEL SISTEMA DE ALCANTARILLADO SANITARIO EN LOS TRAMOS; CARRERA 15A ENTRE CALLE 9 Y CALLE 11 CARRERA 15 ENTRE CALLE 10 Y CALLE 11 Y CALLE 11 ENTRE CARRERA 15 Y CARRERA 15A EN LA ZONA URBANA DEL MUNICIPIO DE VILLAGARZÓN DEP PUTUMAYO";AD86885;ASIGNACIONES DIRECTAS - VILLAGARZÓN - PUTUMAYO;ADIR;ASIGNACIONES DIRECTAS;2025-01-22 11:13:43;Validado;;0,00;0,00;334574127,91;0,00;0,00;0,00;0,00;0,00;0,00;0,00;0,00;0,00;0,00;0,00;0,00;0,00;0,00;0,00;0,00;0,00;0,00;0,00;0,00;0,00;0,00
2025-2026;03-270001;FONDO MIXTO DE ETNOCULTURA Y DESARROLLO SOCIAL - FONPACIFICO;901039684;00AD-4301-1604-2023-86885-0187;MEJORAMIENTO COLISEO DEL BARRIO EL DORADO MUNICIPIO DE VILLAGARZON DEPARTAMENTO DEL PUTUMAYO;AD86885;ASIGNACIONES DIRECTAS - VILLAGARZÓN - PUTUMAYO;ADIR;ASIGNACIONES DIRECTAS;2025-01-22 11:14:02;Validado;;0,00;0,00;14186251,54;0,00;0,00;0,00;0,00;0,00;0,00;0,00;0,00;0,00;0,00;0,00;0,00;0,00;0,00;0,00;0,00;0,00;0,00;0,00;0,00;0,00;0,00
2025-2026;03-270001;FONDO MIXTO DE ETNOCULTURA Y DESARROLLO SOCIAL - FONPACIFICO;901039684;00AR-2402-0600-2023-00618-0145;MEJORAMIENTO DE VÍAS TERCIARIAS MEDIANTE LA PAVIMENTACIÓN EN CONCRETO RÍGIDO Y LA CONSTRUCCIÓN DE UN PUENTE DE LOS MUNICIPIOS DE FLORENCIA Y VALPARAÍSO EN EL DEPARTAMENTO DEL CAQUETÁ;AR18000;AIR - CAQUETÁ;AIRD;ASIGNACION PARA LA INVERSION REGIONAL - DEPARTAMENTOS;2025-01-22 11:15:22;Validado;;0,00;0,00;846018769,04;0,00;0,00;0,00;0,00;0,00;0,00;0,00;0,00;0,00;0,00;0,00;0,00;0,00;0,00;0,00;0,00;0,00;0,00;0,00;0,00;0,00;0,00
2025-2026;03-270001;FONDO MIXTO DE ETNOCULTURA Y DESARROLLO SOCIAL - FONPACIFICO;901039684;00AR-1702-1100-2021-00319-0069;FORTALECIMIENTO DE LA FINCA TRADICIONAL DE PEQUEÑOS PRODUCTORES AFROS EN LOS MUNICIPIOS DE VILLA RICA BUENOS AIRES CALOTO CORINTO GUACHENÉ PADILLA PUERTO TEJADA SANTANDER DE QUILICHAO SUÁREZ MIRANDA CAUCA;AR19000;AIR - CAUCA;AIRD;ASIGNACION PARA LA INVERSION REGIONAL - DEPARTAMENTOS;2025-01-22 11:15:50;Validado;;0,00;709519323,53;2581999580,99;0,00;0,00;0,00;0,00;0,00;0,00;0,00;0,00;0,00;0,00;0,00;0,00;0,00;0,00;0,00;0,00;0,00;0,00;0,00;0,00;0,00;0,00
2025-2026;03-270001;FONDO MIXTO DE ETNOCULTURA Y DESARROLLO SOCIAL - FONPACIFICO;901039684;00AR-3202-0900-2022-00319-0098;RECUPERACIÓN FORESTAL DE LAS ZONAS DEGRADADAS POR ACCIONES ANTRÓPICAS EN LOS MUNICIPIOS DE BUENOS AIRES Y SUÁREZ DEPARTAMENTO DEL CAUCA;AR19000;AIR - CAUCA;AIRD;ASIGNACION PARA LA INVERSION REGIONAL - DEPARTAMENTOS;2025-01-22 11:16:08;Validado;;0,00;0,00;1682522260,20;0,00;0,00;0,00;0,00;0,00;0,00;0,00;0,00;0,00;0,00;0,00;0,00;0,00;0,00;0,00;0,00;0,00;0,00;0,00;0,00;0,00;0,00
2025-2026;03-270001;FONDO MIXTO DE ETNOCULTURA Y DESARROLLO SOCIAL - FONPACIFICO;901039684;00AR-3502-0200-2023-00319-0022;FORTALECIMIENTO DE LOS PROCESOS PRODUCTIVOS PARA MEJORAR LA COMPETITIVIDAD TECNOLÓGICA Y COMERCIAL DE LAS ORGANIZACIONES PANELERAS EN EL DEPARTAMENTO DEL CAUCA;AR19000;AIR - CAUCA;AIRD;ASIGNACION PARA LA INVERSION REGIONAL - DEPARTAMENTOS;2025-01-22 11:16:35;Validado;;0,00;0,00;205521129,73;0,00;0,00;0,00;0,00;0,00;0,00;0,00;0,00;0,00;0,00;0,00;0,00;0,00;0,00;0,00;0,00;0,00;0,00;0,00;0,00;0,00;0,00
2025-2026;03-270001;FONDO MIXTO DE ETNOCULTURA Y DESARROLLO SOCIAL - FONPACIFICO;901039684;00AR-4302-1604-2023-00319-0084;MEJORAMIENTO DEL POLIDEPORTIVO (PRIMERA ETAPA) DEL CASCO URBANO DEL MUNICIPIO DE GUACHENÉ DEPARTAMENTO DEL CAUCA;AR19000;AIR - CAUCA;AIRD;ASIGNACION PARA LA INVERSION REGIONAL - DEPARTAMENTOS;2025-01-22 11:17:24;Validado;;0,00;0,00;2065780042,20;0,00;0,00;0,00;0,00;0,00;0,00;0,00;0,00;0,00;0,00;0,00;0,00;0,00;0,00;0,00;0,00;0,00;0,00;0,00;0,00;0,00;0,00
2025-2026;03-270001;FONDO MIXTO DE ETNOCULTURA Y DESARROLLO SOCIAL - FONPACIFICO;901039684;00AR-1702-1100-2024-00327-0111;FORTALECIMIENTO DE LA PRODUCCION AGRICOLA EN LOS MUNICIPIOS DE ISTMINA RIO IRO Y MEDIO BAUDODEPARTAMENTO DEL CHOCÓ;AR27000;AIR - CHOCÓ;AIRD;ASIGNACION PARA LA INVERSION REGIONAL - DEPARTAMENTOS;2025-01-22 11:18:27;Validado;;0,00;0,00;5957659971,00;0,00;0,00;0,00;0,00;0,00;0,00;0,00;0,00;0,00;0,00;0,00;0,00;0,00;0,00;0,00;0,00;0,00;0,00;0,00;0,00;0,00;0,00
2025-2026;03-270001;FONDO MIXTO DE ETNOCULTURA Y DESARROLLO SOCIAL - FONPACIFICO;901039684;00AR-1709-1100-2022-00327-0024;CONSTRUCCIÓN DE INFRAESTRUCTURA PRODUCTIVA PARA EL EMPAQUE Y COMERCIALIZACIÓN DEL PLÁTANO EN PEQUEÑOS PRODUCTORES DE LOS MUNICIPIOS DE UNGUÍA Y ACANDÍ EN EL DEPARTAMENTO DEL CHOCÓ;AR27000;AIR - CHOCÓ;AIRD;ASIGNACION PARA LA INVERSION REGIONAL - DEPARTAMENTOS;2025-01-22 17:01:01;Validado;;0,00;0,00;7797108124,90;0,00;0,00;0,00;0,00;0,00;0,00;0,00;0,00;0,00;0,00;0,00;0,00;0,00;0,00;0,00;0,00;0,00;0,00;0,00;0,00;0,00;0,00
2025-2026;03-270001;FONDO MIXTO DE ETNOCULTURA Y DESARROLLO SOCIAL - FONPACIFICO;901039684;00AR-2402-0600-2021-00003-0042;REHABILITACIÓN EN PAVIMENTO RÍGIDO EN LA VÍA QUE COMUNICA LA VEREDA EL SIETE Y LA CABECERA MUNICIPAL EL CARMEN DE ATRATO DEPARTAMENTO DEL CHOCÓ;AR27000;AIR - CHOCÓ;AIRD;ASIGNACION PARA LA INVERSION REGIONAL - DEPARTAMENTOS;2025-01-22 17:21:45;Validado;;0,00;4241658190,91;12724974574,09;0,00;0,00;0,00;0,00;0,00;0,00;0,00;0,00;0,00;0,00;0,00;0,00;0,00;0,00;0,00;0,00;0,00;0,00;0,00;0,00;0,00;0,00
2025-2026;03-270001;FONDO MIXTO DE ETNOCULTURA Y DESARROLLO SOCIAL - FONPACIFICO;901039684;00AR-2402-0600-2022-00327-0013;CONSTRUCCIÓN DE PAVIMENTO EN CONCRETO RÍGIDO CALLE 2 - DEL MUNICIPIO EL LITORAL DEL SAN JUAN - DEPARTAMENTO DEL CHOCÓ;AR27000;AIR - CHOCÓ;AIRD;ASIGNACION PARA LA INVERSION REGIONAL - DEPARTAMENTOS;2025-01-22 17:22:19;Validado;;0,00;0,00;4444795562,45;0,00;0,00;0,00;0,00;0,00;0,00;0,00;0,00;0,00;0,00;0,00;0,00;0,00;0,00;0,00;0,00;0,00;0,00;0,00;0,00;0,00;0,00
2025-2026;03-270001;FONDO MIXTO DE ETNOCULTURA Y DESARROLLO SOCIAL - FONPACIFICO;901039684;00AR-2403-0600-2024-00327-0080;MEJORAMIENTO DE LOS SERVICIOS AEROPORTUARIOS Y LA NAVEGACION AEREA DEL AEROPUERTO JOSE CELESTINO MUTIS (ETAPA 2) EN EL MUNICIPIO DE BAHÍA SOLANO;AR27000;AIR - CHOCÓ;AIRD;ASIGNACION PARA LA INVERSION REGIONAL - DEPARTAMENTOS;2025-01-22 17:23:18;Validado;;0,00;0,00;12478020641,00;0,00;0,00;0,00;0,00;0,00;0,00;0,00;0,00;0,00;0,00;0,00;0,00;0,00;0,00;0,00;0,00;0,00;0,00;0,00;0,00;0,00;0,00
2025-2026;03-270001;FONDO MIXTO DE ETNOCULTURA Y DESARROLLO SOCIAL - FONPACIFICO;901039684;00DA-2201-0700-2024-86320-0004;CONSTRUCCIÓN Y DOTACIÓN DE PLACA POLIDEPORTIVA CUBIERTA EN LA INSTITUCIÓN EDUCATIVA RURAL SINAI MUNICIPIO DE ORITO DEPARTAMENTO DEL PUTUMAYO;DA86320;ASIGNACIONES DIRECTAS 5% ANTICIPADAS - ORITO - PUTUMAYO;ADAN;ASIGNACIONES DIRECTAS ANTICIPADAS;2025-01-22 17:24:07;Validado;;209121267,34;0,00;0,00;0,00;0,00;0,00;0,00;0,00;0,00;0,00;0,00;0,00;0,00;0,00;0,00;0,00;0,00;0,00;0,00;0,00;0,00;0,00;0,00;0,00;0,00
2025-2026;03-270001;FONDO MIXTO DE ETNOCULTURA Y DESARROLLO SOCIAL - FONPACIFICO;901039684;00DA-2201-0700-2024-86885-0022;CONSTRUCCIÓN Y DOTACIÓN DE PLACA POLIDEPORTIVA CUBIERTA EN LA INSTITUCIÓN EDUCATIVA RURAL AGROPECUARIA CIUDAD DE VILLAGARZON SEDE LA PAZ MUNICIPIO DE VILLAGARZON DEPARTAMENTO DEL PUTUMAYO;DA86885;ASIGNACIONES DIRECTAS 5% ANTICIPADAS - VILLAGARZÓN - PUTUMAYO;ADAN;ASIGNACIONES DIRECTAS ANTICIPADAS;2025-01-22 17:29:12;Validado;;0,00;202253687,00;415469453,00;0,00;0,00;0,00;0,00;0,00;0,00;0,00;0,00;0,00;0,00;0,00;0,00;0,00;0,00;0,00;0,00;0,00;0,00;0,00;0,00;0,00;0,00
2025-2026;03-270001;FONDO MIXTO DE ETNOCULTURA Y DESARROLLO SOCIAL - FONPACIFICO;901039684;00DA-4003-1400-2023-86885-0208;CONSTRUCCIÓN DE ALCANTARILLADO PLUVIAL EN LA CLL 5 ENTRE CRA 9 Y CRA 12 CLL 5 ENTRE CRA 15 Y CRA 16 CRA 8 ENTRE CLL 4 Y 5 Y OBRAS COMPLEMENTARIAS EN CLL 5 ENTRE CRAS 8 Y 10 DEL MUNICIPIO DE VILLAGARZÓN;DA86885;ASIGNACIONES DIRECTAS 5% ANTICIPADAS - VILLAGARZÓN - PUTUMAYO;ADAN;ASIGNACIONES DIRECTAS ANTICIPADAS;2025-01-22 17:29:40;Validado;;0,00;717567944,99;363090651,01;0,00;0,00;0,00;0,00;0,00;0,00;0,00;0,00;0,00;0,00;0,00;0,00;0,00;0,00;0,00;0,00;0,00;0,00;0,00;0,00;0,00;0,00
2025-2026;03-270001;FONDO MIXTO DE ETNOCULTURA Y DESARROLLO SOCIAL - FONPACIFICO;901039684;00DA-4003-1400-2023-86885-0225;CONSTRUCCIÓN DE MURO DE CERRAMIENTO PERIMETRAL EN MAMPOSTERÍA Y MALLA ESLABONADA EN LA PTAP DEL MUNICIPIO DE VILLAGARZÓN - DEPARTAMENTO DEL PUTUMAYO;DA86885;ASIGNACIONES DIRECTAS 5% ANTICIPADAS - VILLAGARZÓN - PUTUMAYO;ADAN;ASIGNACIONES DIRECTAS ANTICIPADAS;2025-01-22 17:30:03;Registrado;;0,00;0,00;242720514,91;0,00;0,00;0,00;0,00;0,00;0,00;0,00;0,00;0,00;0,00;0,00;0,00;0,00;0,00;0,00;0,00;0,00;0,00;0,00;0,00;0,00;0,00
2025-2026;03-270001;FONDO MIXTO DE ETNOCULTURA Y DESARROLLO SOCIAL - FONPACIFICO;901039684;00IA-3202-0900-2023-19142-0115;MEJORAMIENTO MEDIANTE AISLAMIENTO Y REPOBLACIÓN DE ÁREAS AMBIENTALES ESTRATÉGICAS EN EL MUNICIPIO DE CALOTO CAUCA;IA19142;INVERSIÓN LOCAL AMB. Y DES. SOSTENIBLE CALOTO - CAUCA;AILA;ASIGNACION PARA LA INVERSION LOCAL - AMBIENTE Y DESARROLLO SOSTENIBLE;2025-01-22 17:31:11;Validado;;0,00;61568216,72;7,35;0,00;0,00;0,00;0,00;0,00;0,00;0,00;0,00;0,00;0,00;0,00;0,00;0,00;0,00;0,00;0,00;0,00;0,00;0,00;0,00;0,00;0,00
2025-2026;03-270001;FONDO MIXTO DE ETNOCULTURA Y DESARROLLO SOCIAL - FONPACIFICO;901039684;00IA-3202-0900-2024-27250-0001;REFORESTACIÓN PROTECTORA DE LAS ZONAS DEGRADADAS POR LA TALA DE ÁRBOLES INDISCRIMINADAS EN EL MUNICIPIO DE EL LITORAL DEL SAN JUAN DEPARTAMENTO DEL CHOCÓ;IA27250;INVERSIÓN LOCAL AMB. Y DES. SOSTENIBLE EL LITORAL DEL SAN JUAN - CHOCÓ;AILA;ASIGNACION PARA LA INVERSION LOCAL - AMBIENTE Y DESARROLLO SOSTENIBLE;2025-01-22 17:32:04;Validado;;0,00;111061619,34;12780133,99;0,00;0,00;0,00;0,00;0,00;0,00;0,00;0,00;0,00;0,00;0,00;0,00;0,00;0,00;0,00;0,00;0,00;0,00;0,00;0,00;0,00;0,00
2025-2026;03-270001;FONDO MIXTO DE ETNOCULTURA Y DESARROLLO SOCIAL - FONPACIFICO;901039684;00IL-2201-0700-2023-18001-0027;MEJORAMIENTO Y DOTACIÓN DE LA INFRAESTRUCTURA EDUCATIVA DIVINO NIÑO MUNICIPIO DE FLORENCIA DEPARTAMENTO DEL CAQUETÁ;IL18001;INVERSIÓN LOCAL NBI Y CUARTA QUINTA Y SEXTA CAT FLORENCIA - CAQUETÁ;AIL;ASIGNACION PARA LA INVERSION LOCAL;2025-01-22 17:32:58;Validado;;0,00;0,00;261630987,11;0,00;0,00;0,00;0,00;0,00;0,00;0,00;0,00;0,00;0,00;0,00;0,00;0,00;0,00;0,00;0,00;0,00;0,00;0,00;0,00;0,00;0,00
2025-2026;03-270001;FONDO MIXTO DE ETNOCULTURA Y DESARROLLO SOCIAL - FONPACIFICO;901039684;00IL-4301-1604-2023-18753-0056;CONSTRUCCIÓN ADECUACIÓN Y MEJORAMIENTO DE PLACAS DEPORTIVAS EN ZONA URBANA DEL MUNICIPIO DE SAN VICENTE DEL CAGUÁN DEPARTAMENTO DE CAQUETÁ;IL18753;INVERSIÓN LOCAL NBI Y CUARTA QUINTA Y SEXTA CAT SAN VICENTE DEL CAGUÁN - CAQUETÁ;AIL;ASIGNACION PARA LA INVERSION LOCAL;2025-01-22 17:34:17;Registrado;;0,00;0,00;65398252,00;0,00;0,00;0,00;0,00;0,00;0,00;0,00;0,00;0,00;0,00;0,00;0,00;0,00;0,00;0,00;0,00;0,00;0,00;0,00;0,00;0,00;0,00
2025-2026;03-270001;FONDO MIXTO DE ETNOCULTURA Y DESARROLLO SOCIAL - FONPACIFICO;901039684;00IL-2402-0600-2023-18785-0043;CONSTRUCCIÓN DE BOX CULVERTS PARA EL MEJORAMIENTO DE LA MOVILIDAD DE LOS HABITANTES DEL MUNICIPIO DE SOLITA DEPARTAMENTO DEL CAQUETÁ;IL18785;INVERSIÓN LOCAL NBI Y CUARTA QUINTA Y SEXTA CAT SOLITA - CAQUETÁ;AIL;ASIGNACION PARA LA INVERSION LOCAL;2025-01-22 17:34:43;Registrado;;0,00;0,00;70754329,20;0,00;0,00;0,00;0,00;0,00;0,00;0,00;0,00;0,00;0,00;0,00;0,00;0,00;0,00;0,00;0,00;0,00;0,00;0,00;0,00;0,00;0,00
2025-2026;03-270001;FONDO MIXTO DE ETNOCULTURA Y DESARROLLO SOCIAL - FONPACIFICO;901039684;00IL-4002-1400-2023-19142-0111;CONSTRUCCIÓN URBANISMO PLAZA DE MERCADO MUNICIPIO DE CALOTO DEPARTAMENTO DEL CAUCA;IL19142;INVERSIÓN LOCAL NBI Y CUARTA QUINTA Y SEXTA CAT CALOTO - CAUCA;AIL;ASIGNACION PARA LA INVERSION LOCAL;2025-01-22 17:35:37;Validado;;0,00;51353720,03;121859530,77;0,00;0,00;0,00;0,00;0,00;0,00;0,00;0,00;0,00;0,00;0,00;0,00;0,00;0,00;0,00;0,00;0,00;0,00;0,00;0,00;0,00;0,00
2025-2026;03-270001;FONDO MIXTO DE ETNOCULTURA Y DESARROLLO SOCIAL - FONPACIFICO;901039684;00IL-4302-1604-2023-00319-0084;MEJORAMIENTO DEL POLIDEPORTIVO (PRIMERA ETAPA) DEL CASCO URBANO DEL MUNICIPIO DE GUACHENÉ DEPARTAMENTO DEL CAUCA;IL19300;INVERSIÓN LOCAL NBI Y CUARTA QUINTA Y SEXTA CAT GUACHENÉ - CAUCA;AIL;ASIGNACION PARA LA INVERSION LOCAL;2025-01-22 17:36:35;Registrado;;0,00;0,00;1668733344,00;0,00;0,00;0,00;0,00;0,00;0,00;0,00;0,00;0,00;0,00;0,00;0,00;0,00;0,00;0,00;0,00;0,00;0,00;0,00;0,00;0,00;0,00
2025-2026;03-270001;FONDO MIXTO DE ETNOCULTURA Y DESARROLLO SOCIAL - FONPACIFICO;901039684;00IL-4301-1604-2024-19450-0026;CONSTRUCCIÓN POLIDEPORTIVO CUBIERTO EN LA VEREDA LOS PLANES EN EL MUNICIPIO DE MERCADERES CAUCA. MERCADERES MERCADERES MERCADERES;IL19450;INVERSIÓN LOCAL NBI Y CUARTA QUINTA Y SEXTA CAT MERCADERES - CAUCA;AIL;ASIGNACION PARA LA INVERSION LOCAL;2025-01-22 17:37:43;Validado;;0,00;0,00;838998999,00;0,00;0,00;0,00;0,00;0,00;0,00;0,00;0,00;0,00;0,00;0,00;0,00;0,00;0,00;0,00;0,00;0,00;0,00;0,00;0,00;0,00;0,00
2025-2026;03-270001;FONDO MIXTO DE ETNOCULTURA Y DESARROLLO SOCIAL - FONPACIFICO;901039684;00IL-2402-0600-2021-27250-0003;PAVIMENTACIÓN TIPO PLACA HUELLA EN LAS COMUNIDADES DE CUCURRUPI ISLA MONO Y BALSALITO EN EL MUNICIPIO LITORAL DEL SAN JUAN CHOCÓ;IL27250;INVERSIÓN LOCAL NBI Y CUARTA QUINTA Y SEXTA CAT EL LITORAL DEL SAN JUAN - CHOCÓ;AIL;ASIGNACION PARA LA INVERSION LOCAL;2025-01-22 17:41:16;Registrado;;0,00;0,00;399290795,51;0,00;0,00;0,00;0,00;0,00;0,00;0,00;0,00;0,00;0,00;0,00;0,00;0,00;0,00;0,00;0,00;0,00;0,00;0,00;0,00;0,00;0,00
2025-2026;03-270001;FONDO MIXTO DE ETNOCULTURA Y DESARROLLO SOCIAL - FONPACIFICO;901039684;00IL-4301-1604-2024-27450-0029;CONSTRUCCIÓN DE ESCENARIO RECREO-DEPORTIVO (PLACA POLIDEPORTIVA Y PARQUE) EN LA COMUNIDAD INDÍGENA DE LA LERMA MUNICIPIO DE MEDIO SAN JUAN;IL27450;INVERSIÓN LOCAL NBI Y CUARTA QUINTA Y SEXTA CAT MEDIO SAN JUAN - CHOCÓ;AIL;ASIGNACION PARA LA INVERSION LOCAL;2025-01-22 17:42:35;Registrado;;0,00;0,00;136751076,31;0,00;0,00;0,00;0,00;0,00;0,00;0,00;0,00;0,00;0,00;0,00;0,00;0,00;0,00;0,00;0,00;0,00;0,00;0,00;0,00;0,00;0,00
2025-2026;03-270001;FONDO MIXTO DE ETNOCULTURA Y DESARROLLO SOCIAL - FONPACIFICO;901039684;00IL-4301-1604-2024-27450-0046;CONSTRUCCIÓN DE COLISEO CUBIERTO EN ANDAGOYA CABECERA MUNICIPAL DEL MUNICIPIO DE MEDIO SAN JUAN;IL27450;INVERSIÓN LOCAL NBI Y CUARTA QUINTA Y SEXTA CAT MEDIO SAN JUAN - CHOCÓ;AIL;ASIGNACION PARA LA INVERSION LOCAL;2025-01-22 17:43:00;Registrado;;0,00;0,00;241004342,77;0,00;0,00;0,00;0,00;0,00;0,00;0,00;0,00;0,00;0,00;0,00;0,00;0,00;0,00;0,00;0,00;0,00;0,00;0,00;0,00;0,00;0,00
2025-2026;03-270001;FONDO MIXTO DE ETNOCULTURA Y DESARROLLO SOCIAL - FONPACIFICO;901039684;00IL-2402-0600-2022-63470-0001;RENOVACIÓN URBANA PARA LA IMPLEMENTACIÓN DEL CORREDOR VIAL TURÍSTICO Y COMERCIAL DEL MUNICIPIO DE MONTENEGRO;IL63470;INVERSIÓN LOCAL NBI Y CUARTA QUINTA Y SEXTA CAT MONTENEGRO - QUINDIO;AIL;ASIGNACION PARA LA INVERSION LOCAL;2025-01-22 17:43:55;Validado;;0,00;47736897,60;340736890,06;0,00;0,00;0,00;0,00;0,00;0,00;0,00;0,00;0,00;0,00;0,00;0,00;0,00;0,00;0,00;0,00;0,00;0,00;0,00;0,00;0,00;0,00
2025-2026;03-270001;FONDO MIXTO DE ETNOCULTURA Y DESARROLLO SOCIAL - FONPACIFICO;901039684;00IL-2402-0600-2024-66318-0002;ELABORACIÓN DE ESTUDIOS DISEÑOS E INTERVENTORÍA PARA EL MEJORAMIENTO VÍAL EN EL MUNICIPIO DE GUÁTICA RISARALDA;IL66318;INVERSIÓN LOCAL NBI Y CUARTA QUINTA Y SEXTA CAT GUÁTICA - RISARALDA;AIL;ASIGNACION PARA LA INVERSION LOCAL;2025-01-22 17:44:37;Registrado;;0,00;0,00;329699214,36;0,00;0,00;0,00;0,00;0,00;0,00;0,00;0,00;0,00;0,00;0,00;0,00;0,00;0,00;0,00;0,00;0,00;0,00;0,00;0,00;0,00;0,00
2025-2026;03-270001;FONDO MIXTO DE ETNOCULTURA Y DESARROLLO SOCIAL - FONPACIFICO;901039684;00IL-4301-1604-2023-76246-0009;CONSTRUCCIÓN DE UNA CANCHA EN GRAMA SINTÉTICA EN EL CORREGIMIENTO DE ALBÁN DEL MUNICIPIO DE EL CAIRO;IL76246;INVERSIÓN LOCAL NBI Y CUARTA QUINTA Y SEXTA CAT EL CAIRO - VALLE DEL CAUCA;AIL;ASIGNACION PARA LA INVERSION LOCAL;2025-01-22 17:45:22;Registrado;;0,00;0,00;124383178,49;0,00;0,00;0,00;0,00;0,00;0,00;0,00;0,00;0,00;0,00;0,00;0,00;0,00;0,00;0,00;0,00;0,00;0,00;0,00;0,00;0,00;0,00
2025-2026;03-270001;FONDO MIXTO DE ETNOCULTURA Y DESARROLLO SOCIAL - FONPACIFICO;901039684;00IL-4001-1400-2022-76246-0016;MEJORAMIENTO DE VIVIENDAS PARA POBLACIÓN VULNERABLE DEL MUNICIPIO DE EL CAIRO;IL76246;INVERSIÓN LOCAL NBI Y CUARTA QUINTA Y SEXTA CAT EL CAIRO - VALLE DEL CAUCA;AIL;ASIGNACION PARA LA INVERSION LOCAL;2025-01-22 17:45:41;Registrado;;0,00;0,00;1020539,93;0,00;0,00;0,00;0,00;0,00;0,00;0,00;0,00;0,00;0,00;0,00;0,00;0,00;0,00;0,00;0,00;0,00;0,00;0,00;0,00;0,00;0,00
2025-2026;03-270001;FONDO MIXTO DE ETNOCULTURA Y DESARROLLO SOCIAL - FONPACIFICO;901039684;00IL-3202-0900-2023-76246-0006;INSTALACIÓN DE ESTUFAS ECOEFICIENTES MÓVILES PARA FAMILIAS RURALES EN EL MUNICIPIO DE EL CAIRO;IL76246;INVERSIÓN LOCAL NBI Y CUARTA QUINTA Y SEXTA CAT EL CAIRO - VALLE DEL CAUCA;AIL;ASIGNACION PARA LA INVERSION LOCAL;2025-01-22 17:45:59;Registrado;;0,00;0,00;11328000,00;0,00;0,00;0,00;0,00;0,00;0,00;0,00;0,00;0,00;0,00;0,00;0,00;0,00;0,00;0,00;0,00;0,00;0,00;0,00;0,00;0,00;0,00
2025-2026;03-270001;FONDO MIXTO DE ETNOCULTURA Y DESARROLLO SOCIAL - FONPACIFICO;901039684;00IL-2402-0600-2023-76246-0007;MEJORAMIENTO DE LA MOVILIDAD RURAL A TRAVÉS DE LA OPTIMIZACIÓN DE LAS VÍAS TERCIARIAS EN EL MUNICIPIO DE EL CAIRO;IL76246;INVERSIÓN LOCAL NBI Y CUARTA QUINTA Y SEXTA CAT EL CAIRO - VALLE DEL CAUCA;AIL;ASIGNACION PARA LA INVERSION LOCAL;2025-01-22 17:46:19;Registrado;;0,00;0,00;13062476,77;0,00;0,00;0,00;0,00;0,00;0,00;0,00;0,00;0,00;0,00;0,00;0,00;0,00;0,00;0,00;0,00;0,00;0,00;0,00;0,00;0,00;0,00
2025-2026;03-270001;FONDO MIXTO DE ETNOCULTURA Y DESARROLLO SOCIAL - FONPACIFICO;901039684;00IL-2201-0700-2023-76246-0011;CONSTRUCCIÓN DE CUBIERTA EN EL COLEGIO LA PRESENTACIÓN EN EL MUNICIPIO DE EL CAIRO;IL76246;INVERSIÓN LOCAL NBI Y CUARTA QUINTA Y SEXTA CAT EL CAIRO - VALLE DEL CAUCA;AIL;ASIGNACION PARA LA INVERSION LOCAL;2025-01-22 17:48:19;Registrado;;0,00;0,00;1061500,53;0,00;0,00;0,00;0,00;0,00;0,00;0,00;0,00;0,00;0,00;0,00;0,00;0,00;0,00;0,00;0,00;0,00;0,00;0,00;0,00;0,00;0,00
2025-2026;03-270001;FONDO MIXTO DE ETNOCULTURA Y DESARROLLO SOCIAL - FONPACIFICO;901039684;00IL-2402-0600-2023-76400-0002;MEJORAMIENTO DE VÍAS URBANAS EN LA CALLE 16 ENTRE CRAS 9 Y 11. CALLE 15 ENTRE CRAS 15 Y 16. CARRERA 16 Y CALLE 22 FRENTE AL PARQUE SAN PEDRO LA UNIÓN;IL76400;INVERSIÓN LOCAL NBI Y CUARTA QUINTA Y SEXTA CAT LA UNIÓN - VALLE DEL CAUCA;AIL;ASIGNACION PARA LA INVERSION LOCAL;2025-01-22 17:50:02;Validado;;159483857,25;0,00;0,00;0,00;0,00;0,00;0,00;0,00;0,00;0,00;0,00;0,00;0,00;0,00;0,00;0,00;0,00;0,00;0,00;0,00;0,00;0,00;0,00;0,00;0,00
2025-2026;03-270001;FONDO MIXTO DE ETNOCULTURA Y DESARROLLO SOCIAL - FONPACIFICO;901039684;00IL-4002-1400-2021-76400-0018;REMODELACIÓN PARQUE PRINCIPAL ARGEMIRO ESCOBAR CARDONA LA UNIÓN;IL76400;INVERSIÓN LOCAL NBI Y CUARTA QUINTA Y SEXTA CAT LA UNIÓN - VALLE DEL CAUCA;AIL;ASIGNACION PARA LA INVERSION LOCAL;2025-01-22 17:50:22;Validado;;0,00;0,00;437923042,00;0,00;0,00;0,00;0,00;0,00;0,00;0,00;0,00;0,00;0,00;0,00;0,00;0,00;0,00;0,00;0,00;0,00;0,00;0,00;0,00;0,00;0,00
2025-2026;03-270001;FONDO MIXTO DE ETNOCULTURA Y DESARROLLO SOCIAL - FONPACIFICO;901039684;00IL-4003-1400-2022-76400-0010;REPOSICIÓN DE REDES DE ALCANTARILLADO EN VIAS URBANAS DEL MUNICIPIO DE LA UNIÓN;IL76400;INVERSIÓN LOCAL NBI Y CUARTA QUINTA Y SEXTA CAT LA UNIÓN - VALLE DEL CAUCA;AIL;ASIGNACION PARA LA INVERSION LOCAL;2025-01-22 17:50:56;Validado;;0,00;65822813,48;0,02;0,00;0,00;0,00;0,00;0,00;0,00;0,00;0,00;0,00;0,00;0,00;0,00;0,00;0,00;0,00;0,00;0,00;0,00;0,00;0,00;0,00;0,00
2025-2026;03-270001;FONDO MIXTO DE ETNOCULTURA Y DESARROLLO SOCIAL - FONPACIFICO;901039684;00IL-2402-0600-2023-76497-0005;MEJORAMIENTO DE VIAS TERCIARIAS MEDIANTE EL USO DE PLACA HUELLA EN VIA RURAL EL RECREO MUNICIPIO DE OBANDO;IL76497;INVERSIÓN LOCAL NBI Y CUARTA QUINTA Y SEXTA CAT OBANDO - VALLE DEL CAUCA;AIL;ASIGNACION PARA LA INVERSION LOCAL;2025-01-22 17:51:35;Registrado;;0,00;0,00;11790539,00;0,00;0,00;0,00;0,00;0,00;0,00;0,00;0,00;0,00;0,00;0,00;0,00;0,00;0,00;0,00;0,00;0,00;0,00;0,00;0,00;0,00;0,00
2025-2026;03-270001;FONDO MIXTO DE ETNOCULTURA Y DESARROLLO SOCIAL - FONPACIFICO;901039684;00IL-4599-0100-2024-76563-0081;MEJORAMIENTO DE INSTALACIONES LOCATIVAS EN EL CENTRO ADMINISTRATIVO MUNICIPAL (CAM) MUNICIPIO DE PRADERA;IL76563;INVERSIÓN LOCAL NBI Y CUARTA QUINTA Y SEXTA CAT PRADERA - VALLE DEL CAUCA;AIL;ASIGNACION PARA LA INVERSION LOCAL;2025-01-22 17:52:22;Validado;;0,00;375056784,80;562585177,20;0,00;0,00;0,00;0,00;0,00;0,00;0,00;0,00;0,00;0,00;0,00;0,00;0,00;0,00;0,00;0,00;0,00;0,00;0,00;0,00;0,00;0,00
2025-2026;03-270001;FONDO MIXTO DE ETNOCULTURA Y DESARROLLO SOCIAL - FONPACIFICO;901039684;00IL-2402-0600-2021-76563-0178;PAVIMENTACIÓN DE VÍAS URBANAS EN EL MUNICIPIO PDET DE PRADERA DPTO DEL VALLE DEL CAUCA;IL76563;INVERSIÓN LOCAL NBI Y CUARTA QUINTA Y SEXTA CAT PRADERA - VALLE DEL CAUCA;AIL;ASIGNACION PARA LA INVERSION LOCAL;2025-01-22 17:52:45;Registrado;;0,00;0,00;12719304,36;0,00;0,00;0,00;0,00;0,00;0,00;0,00;0,00;0,00;0,00;0,00;0,00;0,00;0,00;0,00;0,00;0,00;0,00;0,00;0,00;0,00;0,00
2025-2026;03-270001;FONDO MIXTO DE ETNOCULTURA Y DESARROLLO SOCIAL - FONPACIFICO;901039684;00IL-2402-0600-2022-76890-0059;MEJORAMIENTO Y CONSTRUCCIÓN DE VIAS EN CONCRETO HIDRAULICO EN LA ZONA URBANA Y RURAL DEL MUNICIPIO DE YOTOCO VALLE DEL CAUCA;IL76890;INVERSIÓN LOCAL NBI Y CUARTA QUINTA Y SEXTA CAT YOTOCO - VALLE DEL CAUCA;AIL;ASIGNACION PARA LA INVERSION LOCAL;2025-01-22 17:53:25;Validado;;0,00;38709690,00;197382,23;0,00;0,00;0,00;0,00;0,00;0,00;0,00;0,00;0,00;0,00;0,00;0,00;0,00;0,00;0,00;0,00;0,00;0,00;0,00;0,00;0,00;0,00
2025-2026;03-270001;FONDO MIXTO DE ETNOCULTURA Y DESARROLLO SOCIAL - FONPACIFICO;901039684;00IL-2402-0600-2023-76890-0062;CONSTRUCCIÓN PAVIMENTO RIGIDO EN LA CALLE 5 ENTRE CARRERAS 5 Y 6 YO AMPLIACIÓN DE VÍA MEDIA CANOA YOTOCO VALLE DEL CAUCA MUNICIPIO DE YOTOCO;IL76890;INVERSIÓN LOCAL NBI Y CUARTA QUINTA Y SEXTA CAT YOTOCO - VALLE DEL CAUCA;AIL;ASIGNACION PARA LA INVERSION LOCAL;2025-01-22 17:54:36;Validado;;0,00;0,00;381309668,75;0,00;0,00;0,00;0,00;0,00;0,00;0,00;0,00;0,00;0,00;0,00;0,00;0,00;0,00;0,00;0,00;0,00;0,00;0,00;0,00;0,00;0,00
2025-2026;03-270001;FONDO MIXTO DE ETNOCULTURA Y DESARROLLO SOCIAL - FONPACIFICO;901039684;00IL-2201-0700-2023-76890-0061;MEJORAMIENTO DE SEDES EDUCATIVAS RURALES PERTENECIENTES AL MUNICIPIO DE YOTOCO;IL76890;INVERSIÓN LOCAL NBI Y CUARTA QUINTA Y SEXTA CAT YOTOCO - VALLE DEL CAUCA;AIL;ASIGNACION PARA LA INVERSION LOCAL;2025-01-22 17:55:04;Registrado;;0,00;0,00;22375813,00;0,00;0,00;0,00;0,00;0,00;0,00;0,00;0,00;0,00;0,00;0,00;0,00;0,00;0,00;0,00;0,00;0,00;0,00;0,00;0,00;0,00;0,00
2025-2026;03-270001;FONDO MIXTO DE ETNOCULTURA Y DESARROLLO SOCIAL - FONPACIFICO;901039684;00IL-2408-0600-2023-76890-0057;MEJORAMIENTO DE LA MOVILIDAD PEATONAL EN EL MUNICIPIO DE YOTOCO;IL76890;INVERSIÓN LOCAL NBI Y CUARTA QUINTA Y SEXTA CAT YOTOCO - VALLE DEL CAUCA;AIL;ASIGNACION PARA LA INVERSION LOCAL;2025-01-22 17:55:26;Validado;;0,00;65445778,83;366370,24;0,00;0,00;0,00;0,00;0,00;0,00;0,00;0,00;0,00;0,00;0,00;0,00;0,00;0,00;0,00;0,00;0,00;0,00;0,00;0,00;0,00;0,00
2025-2026;03-270001;FONDO MIXTO DE ETNOCULTURA Y DESARROLLO SOCIAL - FONPACIFICO;901039684;00IL-3206-0900-2023-76890-0055;CONSERVACIÓN DE ECOSISTEMAS Y FUENTES HÍDRICAS MEDIANTE LA INSTALACIÓN DE ESTUFAS ECO-EFICIENTES FIJAS Y REFORESTACIÓN EN ZONA RURAL PRIORIZADA DEL MUNICIPIO DE YOTOCO;IL76890;INVERSIÓN LOCAL NBI Y CUARTA QUINTA Y SEXTA CAT YOTOCO - VALLE DEL CAUCA;AIL;ASIGNACION PARA LA INVERSION LOCAL;2025-01-22 17:55:48;Validado;;0,00;0,00;1282433,80;0,00;0,00;0,00;0,00;0,00;0,00;0,00;0,00;0,00;0,00;0,00;0,00;0,00;0,00;0,00;0,00;0,00;0,00;0,00;0,00;0,00;0,00
2025-2026;03-270001;FONDO MIXTO DE ETNOCULTURA Y DESARROLLO SOCIAL - FONPACIFICO;901039684;00IL-4103-1400-2023-86001-0121;MEJORAMIENTO DE LA CASA DEL SABER YANACONA YACHAY WASI MUNICIPIO DE MOCOA DEPARTAMENTO DEL PUTUMAYO;IL86001;INVERSIÓN LOCAL NBI Y CUARTA QUINTA Y SEXTA CAT MOCOA - PUTUMAYO;AIL;ASIGNACION PARA LA INVERSION LOCAL;2025-01-22 17:56:15;Registrado;;0,00;0,00;1209949,20;0,00;0,00;0,00;0,00;0,00;0,00;0,00;0,00;0,00;0,00;0,00;0,00;0,00;0,00;0,00;0,00;0,00;0,00;0,00;0,00;0,00;0,00
2025-2026;03-270001;FONDO MIXTO DE ETNOCULTURA Y DESARROLLO SOCIAL - FONPACIFICO;901039684;00IL-2201-0700-2024-86320-0004;CONSTRUCCIÓN Y DOTACIÓN DE PLACA POLIDEPORTIVA CUBIERTA EN LA INSTITUCIÓN EDUCATIVA RURAL SINAI MUNICIPIO DE ORITO DEPARTAMENTO DEL PUTUMAYO;IL86320;INVERSIÓN LOCAL NBI Y CUARTA QUINTA Y SEXTA CAT ORITO - PUTUMAYO;AIL;ASIGNACION PARA LA INVERSION LOCAL;2025-01-22 17:56:41;Validado;;24280001,47;0,00;0,00;0,00;0,00;0,00;0,00;0,00;0,00;0,00;0,00;0,00;0,00;0,00;0,00;0,00;0,00;0,00;0,00;0,00;0,00;0,00;0,00;0,00;0,00
2025-2026;03-270001;FONDO MIXTO DE ETNOCULTURA Y DESARROLLO SOCIAL - FONPACIFICO;901039684;00IL-2402-0600-2024-86571-0094;MANTENIMIENTO PERIÓDICO DE VÍAS URBANAS CON ESTABILIZACIÓN DE AFIRMADO EN EL MUNICIPIO DE PUERTO GUZMÁN DEPARTAMENTO PUTUMAYO;IL86571;INVERSIÓN LOCAL NBI Y CUARTA QUINTA Y SEXTA CAT PUERTO GUZMÁN - PUTUMAYO;AIL;ASIGNACION PARA LA INVERSION LOCAL;2025-01-22 17:57:03;Validado;;0,00;234262013,00;16398340,98;0,00;0,00;0,00;0,00;0,00;0,00;0,00;0,00;0,00;0,00;0,00;0,00;0,00;0,00;0,00;0,00;0,00;0,00;0,00;0,00;0,00;0,00
2025-2026;03-270001;FONDO MIXTO DE ETNOCULTURA Y DESARROLLO SOCIAL - FONPACIFICO;901039684;00IL-2201-0700-2023-86885-0159;PRESTACIÓN DEL SERVICIO DE TRANSPORTE ESCOLAR EN MUNICIPIO DE VILLAGARZÓN DEPARTAMENTO DEL PUTUMAYO;IL86885;INVERSIÓN LOCAL NBI Y CUARTA QUINTA Y SEXTA CAT VILLAGARZÓN - PUTUMAYO;AIL;ASIGNACION PARA LA INVERSION LOCAL;2025-01-22 17:57:46;Validado;;0,00;0,00;120529519,84;0,00;0,00;0,00;0,00;0,00;0,00;0,00;0,00;0,00;0,00;0,00;0,00;0,00;0,00;0,00;0,00;0,00;0,00;0,00;0,00;0,00;0,00
2025-2026;03-270001;FONDO MIXTO DE ETNOCULTURA Y DESARROLLO SOCIAL - FONPACIFICO;901039684;00IL-2201-0700-2024-86885-0028;CONSTRUCCIÓN Y DOTACIÓN DE PLACA POLIDEPORTIVA CUBIERTA EN LA INSTITUCIÓN EDUCATIVA RURAL ESCUELA RURAL MIXTA LA ESPERANZA MUNICIPIO DE VILLAGARZON DEPARTAMENTO DEL PUTUMAYO;IL86885;INVERSIÓN LOCAL NBI Y CUARTA QUINTA Y SEXTA CAT VILLAGARZÓN - PUTUMAYO;AIL;ASIGNACION PARA LA INVERSION LOCAL;2025-01-22 17:58:08;Validado;;0,00;0,00;751017402,25;0,00;0,00;0,00;0,00;0,00;0,00;0,00;0,00;0,00;0,00;0,00;0,00;0,00;0,00;0,00;0,00;0,00;0,00;0,00;0,00;0,00;0,00
2025-2026;03-270001;FONDO MIXTO DE ETNOCULTURA Y DESARROLLO SOCIAL - FONPACIFICO;901039684;00IL-4003-1400-2023-86885-0225;CONSTRUCCIÓN DE MURO DE CERRAMIENTO PERIMETRAL EN MAMPOSTERÍA Y MALLA ESLABONADA EN LA PTAP DEL MUNICIPIO DE VILLAGARZÓN - DEPARTAMENTO DEL PUTUMAYO;IL86885;INVERSIÓN LOCAL NBI Y CUARTA QUINTA Y SEXTA CAT VILLAGARZÓN - PUTUMAYO;AIL;ASIGNACION PARA LA INVERSION LOCAL;2025-01-22 17:58:23;Registrado;;0,00;0,00;88556050,00;0,00;0,00;0,00;0,00;0,00;0,00;0,00;0,00;0,00;0,00;0,00;0,00;0,00;0,00;0,00;0,00;0,00;0,00;0,00;0,00;0,00;0,00
2025-2026;03-270001;FONDO MIXTO DE ETNOCULTURA Y DESARROLLO SOCIAL - FONPACIFICO;901039684;00IL-4301-1604-2023-86885-0187;MEJORAMIENTO COLISEO DEL BARRIO EL DORADO MUNICIPIO DE VILLAGARZON DEPARTAMENTO DEL PUTUMAYO;IL86885;INVERSIÓN LOCAL NBI Y CUARTA QUINTA Y SEXTA CAT VILLAGARZÓN - PUTUMAYO;AIL;ASIGNACION PARA LA INVERSION LOCAL;2025-01-22 17:58:43;Validado;;0,00;28992242,51;66722788,30;0,00;0,00;0,00;0,00;0,00;0,00;0,00;0,00;0,00;0,00;0,00;0,00;0,00;0,00;0,00;0,00;0,00;0,00;0,00;0,00;0,00;0,00
2025-2026;03-270001;FONDO MIXTO DE ETNOCULTURA Y DESARROLLO SOCIAL - FONPACIFICO;901039684;00PI-2102-1900-2022-86885-0079;IMPLEMENTACIÓN DE SISTEMAS DE ENERGÍA SOLAR FOTOVOLTAICA EN LA ZONA RURAL DEL MUNICIPIO DE VILLAGARZON DEPARTAMENTO DEL PUTUMAYO;PI86885;INCENTIVOS A LA PROD. PAZ - VILLAGARZÓN - PUTUMAYO;IPAZ;INCENTIVOS A LA PRODUCCION MINERA - APROBADOS POR OCAD PAZ;2025-01-22 17:59:28;Validado;;0,00;803129979,89;341834643,58;0,00;0,00;0,00;0,00;0,00;0,00;0,00;0,00;0,00;0,00;0,00;0,00;0,00;0,00;0,00;0,00;0,00;0,00;0,00;0,00;0,00;0,00
2025-2026;03-270001;FONDO MIXTO DE ETNOCULTURA Y DESARROLLO SOCIAL - FONPACIFICO;901039684;00PI-2102-1900-2022-86885-0111;CONSTRUCCIÓN DE LA SOLUCION DE ENERGIA ELECTRICA PARA INSTITUCIONES EDUCATIVAS CON FUENTES NO CONVENCIONALES DE ENERGIA RENOVABLE FNCER. UBICADOS EN LA ZONA RURAL DEL MUNICIPIO DE VILLAGARZON DEPARTAMENTO DEL PUTUMAYO;PI86885;INCENTIVOS A LA PROD. PAZ - VILLAGARZÓN - PUTUMAYO;IPAZ;INCENTIVOS A LA PRODUCCION MINERA - APROBADOS POR OCAD PAZ;2025-01-22 17:59:51;Validado;;0,00;257061347,20;143153521,20;0,00;0,00;0,00;0,00;0,00;0,00;0,00;0,00;0,00;0,00;0,00;0,00;0,00;0,00;0,00;0,00;0,00;0,00;0,00;0,00;0,00;0,00
2025-2026;03-270001;FONDO MIXTO DE ETNOCULTURA Y DESARROLLO SOCIAL - FONPACIFICO;901039684;00RG-1709-1100-2020-130101-1524;CONSTRUCCIÓN DOTACIÓN Y PUESTA EN MARCHA DE UNA PLANTA DE BENEFICIO DE BOVINOS EN EL MUNICIPIO DE SAN VICENTE DEL CAGUÁN;RG18000;AIR REGIONALES - DEPARTAMENTO DE CAQUETÁ;AIRR;ASIGNACION PARA LA INVERSION REGIONAL - REGIONES;2025-01-22 18:01:24;Validado;;0,00;0,00;21354894725,84;0,00;0,00;0,00;0,00;0,00;0,00;0,00;0,00;0,00;0,00;0,00;0,00;0,00;0,00;0,00;0,00;0,00;0,00;0,00;0,00;0,00;0,00
2025-2026;03-270001;FONDO MIXTO DE ETNOCULTURA Y DESARROLLO SOCIAL - FONPACIFICO;901039684;00RG-2402-0600-2023-00006-0014;MEJORAMIENTO DE LOS CORREDORES VIALES RURALES QUE COMUNICAN LOS MUNICIPIOS LA MONTAÑITA Y EL DONCELLO EN EL DEPARTAMENTO DE CAQUETÁ;RG18000;AIR REGIONALES - DEPARTAMENTO DE CAQUETÁ;AIRR;ASIGNACION PARA LA INVERSION REGIONAL - REGIONES;2025-01-22 18:01:53;Validado;;0,00;324751762,67;2257303768,04;0,00;0,00;0,00;0,00;0,00;0,00;0,00;0,00;0,00;0,00;0,00;0,00;0,00;0,00;0,00;0,00;0,00;0,00;0,00;0,00;0,00;0,00
2025-2026;03-270001;FONDO MIXTO DE ETNOCULTURA Y DESARROLLO SOCIAL - FONPACIFICO;901039684;00IL-2402-0600-2023-18150-0063;CONSTRUCCIÓN DE INTERSECCIÓN TIPO ANULAR Y SENDERO PEATONAL EN LA CALLE 4 CON CARRERA 13 SECTOR URBANO DEL MUNICIPIO DE CARTAGENA DEL CHAIRÁ DEPARTAMENTO DEL CAQUETÁ;IL18150;INVERSIÓN LOCAL NBI Y CUARTA QUINTA Y SEXTA CAT CARTAGENA DEL CHAIRÁ - CAQUETÁ;AIL;ASIGNACION PARA LA INVERSION LOCAL;2025-01-28 16:51:08;Validado;;0,00;639676607,33;970455501,52;0,00;0,00;0,00;0,00;0,00;0,00;0,00;0,00;0,00;0,00;0,00;0,00;0,00;0,00;0,00;0,00;0,00;0,00;0,00;0,00;0,00;0,00
2025-2026;03-270001;FONDO MIXTO DE ETNOCULTURA Y DESARROLLO SOCIAL - FONPACIFICO;901039684;00IL-4302-1604-2023-18150-0057;CONSTRUCCIÓN DE ESPACIOS DE INTEGRACIÓN CIUDADANA CANCHA EN GRAMA SINTÉTICA Y CUBIERTA PARA POLIDEPORTIVO EN LA ZONA URBANA DEL MUNICIPIO DE CARTAGENA DEL CHAIRÁ;IL18150;INVERSIÓN LOCAL NBI Y CUARTA QUINTA Y SEXTA CAT CARTAGENA DEL CHAIRÁ - CAQUETÁ;AIL;ASIGNACION PARA LA INVERSION LOCAL;2025-01-28 16:56:12;Validado;;0,00;0,00;173014113,64;0,00;0,00;0,00;0,00;0,00;0,00;0,00;0,00;0,00;0,00;0,00;0,00;0,00;0,00;0,00;0,00;0,00;0,00;0,00;0,00;0,00;0,00
2025-2026;03-270001;FONDO MIXTO DE ETNOCULTURA Y DESARROLLO SOCIAL - FONPACIFICO;901039684;00AD-2201-0700-2024-86885-0022;CONSTRUCCIÓN Y DOTACIÓN DE PLACA POLIDEPORTIVA CUBIERTA EN LA INSTITUCIÓN EDUCATIVA RURAL AGROPECUARIA CIUDAD DE VILLAGARZON SEDE LA PAZ MUNICIPIO DE VILLAGARZON DEPARTAMENTO DEL PUTUMAYO;AD86885;ASIGNACIONES DIRECTAS - VILLAGARZÓN - PUTUMAYO;ADIR;ASIGNACIONES DIRECTAS;2025-02-05 10:44:01;Validado;;0,00;6400000,00;72788354,24;0,00;0,00;0,00;0,00;0,00;0,00;0,00;0,00;0,00;0,00;0,00;0,00;0,00;0,00;0,00;0,00;0,00;0,00;0,00;0,00;0,00;0,00
2025-2026;03-270001;FONDO MIXTO DE ETNOCULTURA Y DESARROLLO SOCIAL - FONPACIFICO;901039684;00AR-2402-0600-2024-00686-0364;MEJORAMIENTO DE VIAS URBANAS MEDIANTE LA CONSTRUCCIÓN DE PAVIMENTO EN CONCRETO HIDRÁULICO EN LA CALLE 14 ENTRE CARRERA 21 A 19 A DEL BARRIO LA ESMERALDA DEL MUNICIPIO DE MOCOA DEPARTAMENTO DEL PUTUMAYO;AR86000;AIR - PUTUMAYO;AIRD;ASIGNACION PARA LA INVERSION REGIONAL - DEPARTAMENTOS;2025-02-12 11:45:52;Validado;;0,00;0,00;484534850,72;1010222533,74;1194930828,70;1047196802,87;879076279,02;763174430,59;0,00;0,00;0,00;0,00;0,00;0,00;0,00;0,00;0,00;0,00;0,00;0,00;0,00;0,00;0,00;0,00;0,00
